sample_name	library_ID	title	library_strategy	library_source	library_selection	library_layout	platform	instrument_model	design_description	filetype	filename	filename2
AS2003	AS2003	Epiphytic 16S-rRNA metabaecoding sequences from Halophila stipulacea in a mesocosm experiment. Source site SB, treatment CTCN, T0, biological replicate 1 original ID AS2003	AMPLICON	GENOMIC	PCR	paired	ILLUMINA	Illumina iSeq 100	Single barcode, two-step PCR, V4 fragment	fastq	AS2003_S1_L001_R1_001.fastq.gz	AS2003_S1_L001_R2_001.fastq.gz
AS2067	AS2067	Epiphytic 16S-rRNA metabaecoding sequences from Halophila stipulacea in a mesocosm experiment. Source site SB, treatment TCN, T3, biological replicate 1 original ID AS2067	AMPLICON	GENOMIC	PCR	paired	ILLUMINA	Illumina iSeq 100	Single barcode, two-step PCR, V4 fragment	fastq	AS2067_S65_L001_R1_001.fastq.gz	AS2067_S65_L001_R2_001.fastq.gz
AS2103	AS2103	Epiphytic 16S-rRNA metabaecoding sequences from Halophila stipulacea in a mesocosm experiment. Source site SB, treatment TCN, T5, biological replicate 1 original ID AS2103	AMPLICON	GENOMIC	PCR	paired	ILLUMINA	Illumina iSeq 100	Single barcode, two-step PCR, V4 fragment	fastq	AS2103_S86_L001_R1_001.fastq.gz	AS2103_S86_L001_R2_001.fastq.gz
AS2011	AS2011	Epiphytic 16S-rRNA metabaecoding sequences from Halophila stipulacea in a mesocosm experiment. Source site SB, treatment CTN, T0, biological replicate 1 original ID AS2011	AMPLICON	GENOMIC	PCR	paired	ILLUMINA	Illumina iSeq 100	Single barcode, two-step PCR, V4 fragment	fastq	AS2011_S83_L001_R1_001.fastq.gz	AS2011_S83_L001_R2_001.fastq.gz
AS2076	AS2076	Epiphytic 16S-rRNA metabaecoding sequences from Halophila stipulacea in a mesocosm experiment. Source site TY, treatment TN, T3, biological replicate 1 original ID AS2076	AMPLICON	GENOMIC	PCR	paired	ILLUMINA	Illumina iSeq 100	Single barcode, two-step PCR, V4 fragment	fastq	AS2076_S70_L001_R1_001.fastq.gz	AS2076_S70_L001_R2_001.fastq.gz
AS2120	AS2120	Epiphytic 16S-rRNA metabaecoding sequences from Halophila stipulacea in a mesocosm experiment. Source site TY, treatment TN, T5, biological replicate 1 original ID AS2120	AMPLICON	GENOMIC	PCR	paired	ILLUMINA	Illumina iSeq 100	Single barcode, two-step PCR, V4 fragment	fastq	AS2120_S155_L001_R1_001.fastq.gz	AS2120_S155_L001_R2_001.fastq.gz
AS2114	AS2114	Epiphytic 16S-rRNA metabaecoding sequences from Halophila stipulacea in a mesocosm experiment. Source site SB, treatment TN, T5, biological replicate 1 original ID AS2114	AMPLICON	GENOMIC	PCR	paired	ILLUMINA	Illumina iSeq 100	Single barcode, two-step PCR, V4 fragment	fastq	AS2114_S93_L001_R1_001.fastq.gz	AS2114_S93_L001_R2_001.fastq.gz
AS2053	AS2053	Epiphytic 16S-rRNA metabaecoding sequences from Halophila stipulacea in a mesocosm experiment. Source site TY, treatment CTN, T3, biological replicate 1 original ID AS2053	AMPLICON	GENOMIC	PCR	paired	ILLUMINA	Illumina iSeq 100	Single barcode, two-step PCR, V4 fragment	fastq	AS2053_S47_L001_R1_001.fastq.gz	AS2053_S47_L001_R2_001.fastq.gz
AS2033	AS2033	Epiphytic 16S-rRNA metabaecoding sequences from Halophila stipulacea in a mesocosm experiment. Source site TY, treatment TN, T0, biological replicate 1 original ID AS2033	AMPLICON	GENOMIC	PCR	paired	ILLUMINA	Illumina iSeq 100	Single barcode, two-step PCR, V4 fragment	fastq	AS2033_S31_L001_R1_001.fastq.gz	AS2033_S31_L001_R2_001.fastq.gz
AS2140	AS2140	Epiphytic 16S-rRNA metabaecoding sequences from Halophila stipulacea in a mesocosm experiment. Source site TY, treatment CTN, T8, biological replicate 1 original ID AS2140	AMPLICON	GENOMIC	PCR	paired	ILLUMINA	Illumina iSeq 100	Single barcode, two-step PCR, V4 fragment	fastq	AS2140_S159_L001_R1_001.fastq.gz	AS2140_S159_L001_R2_001.fastq.gz
AS2082	AS2082	Epiphytic 16S-rRNA metabaecoding sequences from Halophila stipulacea in a mesocosm experiment. Source site SB, treatment CTCN, T5, biological replicate 1 original ID AS2082	AMPLICON	GENOMIC	PCR	paired	ILLUMINA	Illumina iSeq 100	Single barcode, two-step PCR, V4 fragment	fastq	AS2082_S90_L001_R1_001.fastq.gz	AS2082_S90_L001_R2_001.fastq.gz
AS2110	AS2110	Epiphytic 16S-rRNA metabaecoding sequences from Halophila stipulacea in a mesocosm experiment. Source site SB, treatment TCN, T5, biological replicate 2 original ID AS2110	AMPLICON	GENOMIC	PCR	paired	ILLUMINA	Illumina iSeq 100	Single barcode, two-step PCR, V4 fragment	fastq	AS2110_S153_L001_R1_001.fastq.gz	AS2110_S153_L001_R2_001.fastq.gz
AS2086	AS2086	Epiphytic 16S-rRNA metabaecoding sequences from Halophila stipulacea in a mesocosm experiment. Source site SB, treatment CTCN, T5, biological replicate 2 original ID AS2086	AMPLICON	GENOMIC	PCR	paired	ILLUMINA	Illumina iSeq 100	Single barcode, two-step PCR, V4 fragment	fastq	AS2086_S76_L001_R1_001.fastq.gz	AS2086_S76_L001_R2_001.fastq.gz
AS2080	AS2080	Epiphytic 16S-rRNA metabaecoding sequences from Halophila stipulacea in a mesocosm experiment. Source site TY, treatment TN, T3, biological replicate 2 original ID AS2080	AMPLICON	GENOMIC	PCR	paired	ILLUMINA	Illumina iSeq 100	Single barcode, two-step PCR, V4 fragment	fastq	AS2080_S147_L001_R1_001.fastq.gz	AS2080_S147_L001_R2_001.fastq.gz
AS2128	AS2128	Epiphytic 16S-rRNA metabaecoding sequences from Halophila stipulacea in a mesocosm experiment. Source site TY, treatment CTCN, T8, biological replicate 1 original ID AS2128	AMPLICON	GENOMIC	PCR	paired	ILLUMINA	Illumina iSeq 100	Single barcode, two-step PCR, V4 fragment	fastq	AS2128_S100_L001_R1_001.fastq.gz	AS2128_S100_L001_R2_001.fastq.gz
AS2057	AS2057	Epiphytic 16S-rRNA metabaecoding sequences from Halophila stipulacea in a mesocosm experiment. Source site TY, treatment CTN, T3, biological replicate 2 original ID AS2057	AMPLICON	GENOMIC	PCR	paired	ILLUMINA	Illumina iSeq 100	Single barcode, two-step PCR, V4 fragment	fastq	AS2057_S59_L001_R1_001.fastq.gz	AS2057_S59_L001_R2_001.fastq.gz
AS2029	AS2029	Epiphytic 16S-rRNA metabaecoding sequences from Halophila stipulacea in a mesocosm experiment. Source site TY, treatment TCN, T0, biological replicate 1 original ID AS2029	AMPLICON	GENOMIC	PCR	paired	ILLUMINA	Illumina iSeq 100	Single barcode, two-step PCR, V4 fragment	fastq	AS2029_S136_L001_R1_001.fastq.gz	AS2029_S136_L001_R2_001.fastq.gz
AS2127	AS2127	Epiphytic 16S-rRNA metabaecoding sequences from Halophila stipulacea in a mesocosm experiment. Source site SB, treatment CTCN, T8, biological replicate 1 original ID AS2127	AMPLICON	GENOMIC	PCR	paired	ILLUMINA	Illumina iSeq 100	Single barcode, two-step PCR, V4 fragment	fastq	AS2127_S99_L001_R1_001.fastq.gz	AS2127_S99_L001_R2_001.fastq.gz
AS2050	AS2050	Epiphytic 16S-rRNA metabaecoding sequences from Halophila stipulacea in a mesocosm experiment. Source site SB, treatment CTCN, T3, biological replicate 1 original ID AS2050	AMPLICON	GENOMIC	PCR	paired	ILLUMINA	Illumina iSeq 100	Single barcode, two-step PCR, V4 fragment	fastq	AS2050_S141_L001_R1_001.fastq.gz	AS2050_S141_L001_R2_001.fastq.gz
AS2010	AS2010	Epiphytic 16S-rRNA metabaecoding sequences from Halophila stipulacea in a mesocosm experiment. Source site SB, treatment CTCN, T0, biological replicate 2 original ID AS2010	AMPLICON	GENOMIC	PCR	paired	ILLUMINA	Illumina iSeq 100	Single barcode, two-step PCR, V4 fragment	fastq	AS2010_S133_L001_R1_001.fastq.gz	AS2010_S133_L001_R2_001.fastq.gz
AS2116	AS2116	Epiphytic 16S-rRNA metabaecoding sequences from Halophila stipulacea in a mesocosm experiment. Source site TY, treatment TN, T5, biological replicate 2 original ID AS2116	AMPLICON	GENOMIC	PCR	paired	ILLUMINA	Illumina iSeq 100	Single barcode, two-step PCR, V4 fragment	fastq	AS2116_S95_L001_R1_001.fastq.gz	AS2116_S95_L001_R2_001.fastq.gz
AS2136	AS2136	Epiphytic 16S-rRNA metabaecoding sequences from Halophila stipulacea in a mesocosm experiment. Source site TY, treatment CTN, T8, biological replicate 2 original ID AS2136	AMPLICON	GENOMIC	PCR	paired	ILLUMINA	Illumina iSeq 100	Single barcode, two-step PCR, V4 fragment	fastq	AS2136_S107_L001_R1_001.fastq.gz	AS2136_S107_L001_R2_001.fastq.gz
AS2016	AS2016	Epiphytic 16S-rRNA metabaecoding sequences from Halophila stipulacea in a mesocosm experiment. Source site TY, treatment CTN, T0, biological replicate 1 original ID AS2016	AMPLICON	GENOMIC	PCR	paired	ILLUMINA	Illumina iSeq 100	Single barcode, two-step PCR, V4 fragment	fastq	AS2016_S17_L001_R1_001.fastq.gz	AS2016_S17_L001_R2_001.fastq.gz
AS2083	AS2083	Epiphytic 16S-rRNA metabaecoding sequences from Halophila stipulacea in a mesocosm experiment. Source site SB, treatment CTCN, T5, biological replicate 3 original ID AS2083	AMPLICON	GENOMIC	PCR	paired	ILLUMINA	Illumina iSeq 100	Single barcode, two-step PCR, V4 fragment	fastq	AS2083_S73_L001_R1_001.fastq.gz	AS2083_S73_L001_R2_001.fastq.gz
AS2087	AS2087	Epiphytic 16S-rRNA metabaecoding sequences from Halophila stipulacea in a mesocosm experiment. Source site SB, treatment CTCN, T5, biological replicate 4 original ID AS2087	AMPLICON	GENOMIC	PCR	paired	ILLUMINA	Illumina iSeq 100	Single barcode, two-step PCR, V4 fragment	fastq	AS2087_S77_L001_R1_001.fastq.gz	AS2087_S77_L001_R2_001.fastq.gz
AS2045	AS2045	Epiphytic 16S-rRNA metabaecoding sequences from Halophila stipulacea in a mesocosm experiment. Source site TY, treatment CTCN, T3, biological replicate 1 original ID AS2045	AMPLICON	GENOMIC	PCR	paired	ILLUMINA	Illumina iSeq 100	Single barcode, two-step PCR, V4 fragment	fastq	AS2045_S43_L001_R1_001.fastq.gz	AS2045_S43_L001_R2_001.fastq.gz
AS2139	AS2139	Epiphytic 16S-rRNA metabaecoding sequences from Halophila stipulacea in a mesocosm experiment. Source site SB, treatment CTN, T8, biological replicate 1 original ID AS2139	AMPLICON	GENOMIC	PCR	paired	ILLUMINA	Illumina iSeq 100	Single barcode, two-step PCR, V4 fragment	fastq	AS2139_S158_L001_R1_001.fastq.gz	AS2139_S158_L001_R2_001.fastq.gz
AS2130	AS2130	Epiphytic 16S-rRNA metabaecoding sequences from Halophila stipulacea in a mesocosm experiment. Source site SB, treatment CTCN, T8, biological replicate 2 original ID AS2130	AMPLICON	GENOMIC	PCR	paired	ILLUMINA	Illumina iSeq 100	Single barcode, two-step PCR, V4 fragment	fastq	AS2130_S157_L001_R1_001.fastq.gz	AS2130_S157_L001_R2_001.fastq.gz
AS2024	AS2024	Epiphytic 16S-rRNA metabaecoding sequences from Halophila stipulacea in a mesocosm experiment. Source site TY, treatment TCN, T0, biological replicate 2 original ID AS2024	AMPLICON	GENOMIC	PCR	paired	ILLUMINA	Illumina iSeq 100	Single barcode, two-step PCR, V4 fragment	fastq	AS2024_S23_L001_R1_001.fastq.gz	AS2024_S23_L001_R2_001.fastq.gz
AS2025	AS2025	Epiphytic 16S-rRNA metabaecoding sequences from Halophila stipulacea in a mesocosm experiment. Source site TY, treatment TCN, T0, biological replicate 3 original ID AS2025	AMPLICON	GENOMIC	PCR	paired	ILLUMINA	Illumina iSeq 100	Single barcode, two-step PCR, V4 fragment	fastq	AS2025_S25_L001_R1_001.fastq.gz	AS2025_S25_L001_R2_001.fastq.gz
AS2135	AS2135	Epiphytic 16S-rRNA metabaecoding sequences from Halophila stipulacea in a mesocosm experiment. Source site SB, treatment CTN, T8, biological replicate 2 original ID AS2135	AMPLICON	GENOMIC	PCR	paired	ILLUMINA	Illumina iSeq 100	Single barcode, two-step PCR, V4 fragment	fastq	AS2135_S105_L001_R1_001.fastq.gz	AS2135_S105_L001_R2_001.fastq.gz
AS2143	AS2143	Epiphytic 16S-rRNA metabaecoding sequences from Halophila stipulacea in a mesocosm experiment. Source site SB, treatment TCN, T8, biological replicate 1 original ID AS2143	AMPLICON	GENOMIC	PCR	paired	ILLUMINA	Illumina iSeq 100	Single barcode, two-step PCR, V4 fragment	fastq	AS2143_S111_L001_R1_001.fastq.gz	AS2143_S111_L001_R2_001.fastq.gz
AS2126	AS2126	Epiphytic 16S-rRNA metabaecoding sequences from Halophila stipulacea in a mesocosm experiment. Source site SB, treatment CTCN, T8, biological replicate 3 original ID AS2126	AMPLICON	GENOMIC	PCR	paired	ILLUMINA	Illumina iSeq 100	Single barcode, two-step PCR, V4 fragment	fastq	AS2126_S97_L001_R1_001.fastq.gz	AS2126_S97_L001_R2_001.fastq.gz
AS2093	AS2093	Epiphytic 16S-rRNA metabaecoding sequences from Halophila stipulacea in a mesocosm experiment. Source site TY, treatment CTN, T5, biological replicate 1 original ID AS2093	AMPLICON	GENOMIC	PCR	paired	ILLUMINA	Illumina iSeq 100	Single barcode, two-step PCR, V4 fragment	fastq	AS2093_S79_L001_R1_001.fastq.gz	AS2093_S79_L001_R2_001.fastq.gz
AS2064	AS2064	Epiphytic 16S-rRNA metabaecoding sequences from Halophila stipulacea in a mesocosm experiment. Source site TY, treatment TCN, T3, biological replicate 1 original ID AS2064	AMPLICON	GENOMIC	PCR	paired	ILLUMINA	Illumina iSeq 100	Single barcode, two-step PCR, V4 fragment	fastq	AS2064_S62_L001_R1_001.fastq.gz	AS2064_S62_L001_R2_001.fastq.gz
AS2119	AS2119	Epiphytic 16S-rRNA metabaecoding sequences from Halophila stipulacea in a mesocosm experiment. Source site SB, treatment TN, T5, biological replicate 2 original ID AS2119	AMPLICON	GENOMIC	PCR	paired	ILLUMINA	Illumina iSeq 100	Single barcode, two-step PCR, V4 fragment	fastq	AS2119_S154_L001_R1_001.fastq.gz	AS2119_S154_L001_R2_001.fastq.gz
AS2092	AS2092	Epiphytic 16S-rRNA metabaecoding sequences from Halophila stipulacea in a mesocosm experiment. Source site TY, treatment CTN, T5, biological replicate 2 original ID AS2092	AMPLICON	GENOMIC	PCR	paired	ILLUMINA	Illumina iSeq 100	Single barcode, two-step PCR, V4 fragment	fastq	AS2092_S92_L001_R1_001.fastq.gz	AS2092_S92_L001_R2_001.fastq.gz
AS2081	AS2081	Epiphytic 16S-rRNA metabaecoding sequences from Halophila stipulacea in a mesocosm experiment. Source site TY, treatment CTCN, T5, biological replicate 1 original ID AS2081	AMPLICON	GENOMIC	PCR	paired	ILLUMINA	Illumina iSeq 100	Single barcode, two-step PCR, V4 fragment	fastq	AS2081_S89_L001_R1_001.fastq.gz	AS2081_S89_L001_R2_001.fastq.gz
AS2124	AS2124	Epiphytic 16S-rRNA metabaecoding sequences from Halophila stipulacea in a mesocosm experiment. Source site TY, treatment CTCN, T8, biological replicate 2 original ID AS2124	AMPLICON	GENOMIC	PCR	paired	ILLUMINA	Illumina iSeq 100	Single barcode, two-step PCR, V4 fragment	fastq	AS2124_S53_L001_R1_001.fastq.gz	AS2124_S53_L001_R2_001.fastq.gz
AS2146	AS2146	Epiphytic 16S-rRNA metabaecoding sequences from Halophila stipulacea in a mesocosm experiment. Source site SB, treatment TCN, T8, biological replicate 2 original ID AS2146	AMPLICON	GENOMIC	PCR	paired	ILLUMINA	Illumina iSeq 100	Single barcode, two-step PCR, V4 fragment	fastq	AS2146_S117_L001_R1_001.fastq.gz	AS2146_S117_L001_R2_001.fastq.gz
AS2035	AS2035	Epiphytic 16S-rRNA metabaecoding sequences from Halophila stipulacea in a mesocosm experiment. Source site SB, treatment TN, T0, biological replicate 1 original ID AS2035	AMPLICON	GENOMIC	PCR	paired	ILLUMINA	Illumina iSeq 100	Single barcode, two-step PCR, V4 fragment	fastq	AS2035_S35_L001_R1_001.fastq.gz	AS2035_S35_L001_R2_001.fastq.gz
AS2100	AS2100	Epiphytic 16S-rRNA metabaecoding sequences from Halophila stipulacea in a mesocosm experiment. Source site TY, treatment CTN, T5, biological replicate 3 original ID AS2100	AMPLICON	GENOMIC	PCR	paired	ILLUMINA	Illumina iSeq 100	Single barcode, two-step PCR, V4 fragment	fastq	AS2100_S151_L001_R1_001.fastq.gz	AS2100_S151_L001_R2_001.fastq.gz
AS2158	AS2158	Epiphytic 16S-rRNA metabaecoding sequences from Halophila stipulacea in a mesocosm experiment. Source site SB, treatment TN, T8, biological replicate 1 original ID AS2158	AMPLICON	GENOMIC	PCR	paired	ILLUMINA	Illumina iSeq 100	Single barcode, two-step PCR, V4 fragment	fastq	AS2158_S130_L001_R1_001.fastq.gz	AS2158_S130_L001_R2_001.fastq.gz
AS2157	AS2157	Epiphytic 16S-rRNA metabaecoding sequences from Halophila stipulacea in a mesocosm experiment. Source site TY, treatment TN, T8, biological replicate 1 original ID AS2157	AMPLICON	GENOMIC	PCR	paired	ILLUMINA	Illumina iSeq 100	Single barcode, two-step PCR, V4 fragment	fastq	AS2157_S129_L001_R1_001.fastq.gz	AS2157_S129_L001_R2_001.fastq.gz
AS2013	AS2013	Epiphytic 16S-rRNA metabaecoding sequences from Halophila stipulacea in a mesocosm experiment. Source site TY, treatment CTN, T0, biological replicate 2 original ID AS2013	AMPLICON	GENOMIC	PCR	paired	ILLUMINA	Illumina iSeq 100	Single barcode, two-step PCR, V4 fragment	fastq	AS2013_S9_L001_R1_001.fastq.gz	AS2013_S9_L001_R2_001.fastq.gz
AS2023	AS2023	Epiphytic 16S-rRNA metabaecoding sequences from Halophila stipulacea in a mesocosm experiment. Source site SB, treatment TCN, T0, biological replicate 1 original ID AS2023	AMPLICON	GENOMIC	PCR	paired	ILLUMINA	Illumina iSeq 100	Single barcode, two-step PCR, V4 fragment	fastq	AS2023_S21_L001_R1_001.fastq.gz	AS2023_S21_L001_R2_001.fastq.gz
AS2098	AS2098	Epiphytic 16S-rRNA metabaecoding sequences from Halophila stipulacea in a mesocosm experiment. Source site SB, treatment CTN, T5, biological replicate 1 original ID AS2098	AMPLICON	GENOMIC	PCR	paired	ILLUMINA	Illumina iSeq 100	Single barcode, two-step PCR, V4 fragment	fastq	AS2098_S85_L001_R1_001.fastq.gz	AS2098_S85_L001_R2_001.fastq.gz
AS2014	AS2014	Epiphytic 16S-rRNA metabaecoding sequences from Halophila stipulacea in a mesocosm experiment. Source site SB, treatment CTN, T0, biological replicate 2 original ID AS2014	AMPLICON	GENOMIC	PCR	paired	ILLUMINA	Illumina iSeq 100	Single barcode, two-step PCR, V4 fragment	fastq	AS2014_S11_L001_R1_001.fastq.gz	AS2014_S11_L001_R2_001.fastq.gz
AS2070	AS2070	Epiphytic 16S-rRNA metabaecoding sequences from Halophila stipulacea in a mesocosm experiment. Source site SB, treatment TCN, T3, biological replicate 2 original ID AS2070	AMPLICON	GENOMIC	PCR	paired	ILLUMINA	Illumina iSeq 100	Single barcode, two-step PCR, V4 fragment	fastq	AS2070_S145_L001_R1_001.fastq.gz	AS2070_S145_L001_R2_001.fastq.gz
AS2006	AS2006	Epiphytic 16S-rRNA metabaecoding sequences from Halophila stipulacea in a mesocosm experiment. Source site SB, treatment CTCN, T0, biological replicate 3 original ID AS2006	AMPLICON	GENOMIC	PCR	paired	ILLUMINA	Illumina iSeq 100	Single barcode, two-step PCR, V4 fragment	fastq	AS2006_S7_L001_R1_001.fastq.gz	AS2006_S7_L001_R2_001.fastq.gz
AS2137	AS2137	Epiphytic 16S-rRNA metabaecoding sequences from Halophila stipulacea in a mesocosm experiment. Source site TY, treatment CTN, T8, biological replicate 3 original ID AS2137	AMPLICON	GENOMIC	PCR	paired	ILLUMINA	Illumina iSeq 100	Single barcode, two-step PCR, V4 fragment	fastq	AS2137_S109_L001_R1_001.fastq.gz	AS2137_S109_L001_R2_001.fastq.gz
AS2089	AS2089	Epiphytic 16S-rRNA metabaecoding sequences from Halophila stipulacea in a mesocosm experiment. Source site TY, treatment CTCN, T5, biological replicate 2 original ID AS2089	AMPLICON	GENOMIC	PCR	paired	ILLUMINA	Illumina iSeq 100	Single barcode, two-step PCR, V4 fragment	fastq	AS2089_S148_L001_R1_001.fastq.gz	AS2089_S148_L001_R2_001.fastq.gz
AS2027	AS2027	Epiphytic 16S-rRNA metabaecoding sequences from Halophila stipulacea in a mesocosm experiment. Source site SB, treatment TCN, T0, biological replicate 2 original ID AS2027	AMPLICON	GENOMIC	PCR	paired	ILLUMINA	Illumina iSeq 100	Single barcode, two-step PCR, V4 fragment	fastq	AS2027_S29_L001_R1_001.fastq.gz	AS2027_S29_L001_R2_001.fastq.gz
AS2054	AS2054	Epiphytic 16S-rRNA metabaecoding sequences from Halophila stipulacea in a mesocosm experiment. Source site SB, treatment CTN, T3, biological replicate 1 original ID AS2054	AMPLICON	GENOMIC	PCR	paired	ILLUMINA	Illumina iSeq 100	Single barcode, two-step PCR, V4 fragment	fastq	AS2054_S48_L001_R1_001.fastq.gz	AS2054_S48_L001_R2_001.fastq.gz
AS2138	AS2138	Epiphytic 16S-rRNA metabaecoding sequences from Halophila stipulacea in a mesocosm experiment. Source site SB, treatment CTN, T8, biological replicate 3 original ID AS2138	AMPLICON	GENOMIC	PCR	paired	ILLUMINA	Illumina iSeq 100	Single barcode, two-step PCR, V4 fragment	fastq	AS2138_S110_L001_R1_001.fastq.gz	AS2138_S110_L001_R2_001.fastq.gz
AS2026	AS2026	Epiphytic 16S-rRNA metabaecoding sequences from Halophila stipulacea in a mesocosm experiment. Source site SB, treatment TCN, T0, biological replicate 3 original ID AS2026	AMPLICON	GENOMIC	PCR	paired	ILLUMINA	Illumina iSeq 100	Single barcode, two-step PCR, V4 fragment	fastq	AS2026_S27_L001_R1_001.fastq.gz	AS2026_S27_L001_R2_001.fastq.gz
AS2036	AS2036	Epiphytic 16S-rRNA metabaecoding sequences from Halophila stipulacea in a mesocosm experiment. Source site TY, treatment TN, T0, biological replicate 2 original ID AS2036	AMPLICON	GENOMIC	PCR	paired	ILLUMINA	Illumina iSeq 100	Single barcode, two-step PCR, V4 fragment	fastq	AS2036_S37_L001_R1_001.fastq.gz	AS2036_S37_L001_R2_001.fastq.gz
AS2069	AS2069	Epiphytic 16S-rRNA metabaecoding sequences from Halophila stipulacea in a mesocosm experiment. Source site TY, treatment TCN, T3, biological replicate 2 original ID AS2069	AMPLICON	GENOMIC	PCR	paired	ILLUMINA	Illumina iSeq 100	Single barcode, two-step PCR, V4 fragment	fastq	AS2069_S144_L001_R1_001.fastq.gz	AS2069_S144_L001_R2_001.fastq.gz
AS2156	AS2156	Epiphytic 16S-rRNA metabaecoding sequences from Halophila stipulacea in a mesocosm experiment. Source site TY, treatment TN, T8, biological replicate 2 original ID AS2156	AMPLICON	GENOMIC	PCR	paired	ILLUMINA	Illumina iSeq 100	Single barcode, two-step PCR, V4 fragment	fastq	AS2156_S127_L001_R1_001.fastq.gz	AS2156_S127_L001_R2_001.fastq.gz
AS2131	AS2131	Epiphytic 16S-rRNA metabaecoding sequences from Halophila stipulacea in a mesocosm experiment. Source site SB, treatment CTN, T8, biological replicate 4 original ID AS2131	AMPLICON	GENOMIC	PCR	paired	ILLUMINA	Illumina iSeq 100	Single barcode, two-step PCR, V4 fragment	fastq	AS2131_S95_L001_R1_001.fastq.gz	AS2131_S95_L001_R2_001.fastq.gz
AS2079	AS2079	Epiphytic 16S-rRNA metabaecoding sequences from Halophila stipulacea in a mesocosm experiment. Source site SB, treatment TN, T3, biological replicate 1 original ID AS2079	AMPLICON	GENOMIC	PCR	paired	ILLUMINA	Illumina iSeq 100	Single barcode, two-step PCR, V4 fragment	fastq	AS2079_S146_L001_R1_001.fastq.gz	AS2079_S146_L001_R2_001.fastq.gz
AS2145	AS2145	Epiphytic 16S-rRNA metabaecoding sequences from Halophila stipulacea in a mesocosm experiment. Source site TY, treatment TCN, T8, biological replicate 1 original ID AS2145	AMPLICON	GENOMIC	PCR	paired	ILLUMINA	Illumina iSeq 100	Single barcode, two-step PCR, V4 fragment	fastq	AS2145_S115_L001_R1_001.fastq.gz	AS2145_S115_L001_R2_001.fastq.gz
AS2154	AS2154	Epiphytic 16S-rRNA metabaecoding sequences from Halophila stipulacea in a mesocosm experiment. Source site SB, treatment TN, T8, biological replicate 2 original ID AS2154	AMPLICON	GENOMIC	PCR	paired	ILLUMINA	Illumina iSeq 100	Single barcode, two-step PCR, V4 fragment	fastq	AS2154_S123_L001_R1_001.fastq.gz	AS2154_S123_L001_R2_001.fastq.gz
AS2121	AS2121	Epiphytic 16S-rRNA metabaecoding sequences from Halophila stipulacea in a mesocosm experiment. Source site TY, treatment CTCN, T8, biological replicate 3 original ID AS2121	AMPLICON	GENOMIC	PCR	paired	ILLUMINA	Illumina iSeq 100	Single barcode, two-step PCR, V4 fragment	fastq	AS2121_S93_L001_R1_001.fastq.gz	AS2121_S93_L001_R2_001.fastq.gz
AS2088	AS2088	Epiphytic 16S-rRNA metabaecoding sequences from Halophila stipulacea in a mesocosm experiment. Source site TY, treatment CTCN, T5, biological replicate 3 original ID AS2088	AMPLICON	GENOMIC	PCR	paired	ILLUMINA	Illumina iSeq 100	Single barcode, two-step PCR, V4 fragment	fastq	AS2088_S78_L001_R1_001.fastq.gz	AS2088_S78_L001_R2_001.fastq.gz
AS2041	AS2041	Epiphytic 16S-rRNA metabaecoding sequences from Halophila stipulacea in a mesocosm experiment. Source site TY, treatment CTCN, T3, biological replicate 2 original ID AS2041	AMPLICON	GENOMIC	PCR	paired	ILLUMINA	Illumina iSeq 100	Single barcode, two-step PCR, V4 fragment	fastq	AS2041_S85_L001_R1_001.fastq.gz	AS2041_S85_L001_R2_001.fastq.gz
AS2015	AS2015	Epiphytic 16S-rRNA metabaecoding sequences from Halophila stipulacea in a mesocosm experiment. Source site SB, treatment CTN, T0, biological replicate 3 original ID AS2015	AMPLICON	GENOMIC	PCR	paired	ILLUMINA	Illumina iSeq 100	Single barcode, two-step PCR, V4 fragment	fastq	AS2015_S15_L001_R1_001.fastq.gz	AS2015_S15_L001_R2_001.fastq.gz
AS2048	AS2048	Epiphytic 16S-rRNA metabaecoding sequences from Halophila stipulacea in a mesocosm experiment. Source site TY, treatment CTCN, T3, biological replicate 3 original ID AS2048	AMPLICON	GENOMIC	PCR	paired	ILLUMINA	Illumina iSeq 100	Single barcode, two-step PCR, V4 fragment	fastq	AS2048_S46_L001_R1_001.fastq.gz	AS2048_S46_L001_R2_001.fastq.gz
AS2002	AS2002	Epiphytic 16S-rRNA metabaecoding sequences from Halophila stipulacea in a mesocosm experiment. Source site SB, treatment CTCN, T0, biological replicate 4 original ID AS2002	AMPLICON	GENOMIC	PCR	paired	ILLUMINA	Illumina iSeq 100	Single barcode, two-step PCR, V4 fragment	fastq	AS2002_S82_L001_R1_001.fastq.gz	AS2002_S82_L001_R2_001.fastq.gz
AS2155	AS2155	Epiphytic 16S-rRNA metabaecoding sequences from Halophila stipulacea in a mesocosm experiment. Source site SB, treatment TN, T8, biological replicate 3 original ID AS2155	AMPLICON	GENOMIC	PCR	paired	ILLUMINA	Illumina iSeq 100	Single barcode, two-step PCR, V4 fragment	fastq	AS2155_S125_L001_R1_001.fastq.gz	AS2155_S125_L001_R2_001.fastq.gz
AS2095	AS2095	Epiphytic 16S-rRNA metabaecoding sequences from Halophila stipulacea in a mesocosm experiment. Source site SB, treatment CTN, T5, biological replicate 2 original ID AS2095	AMPLICON	GENOMIC	PCR	paired	ILLUMINA	Illumina iSeq 100	Single barcode, two-step PCR, V4 fragment	fastq	AS2095_S81_L001_R1_001.fastq.gz	AS2095_S81_L001_R2_001.fastq.gz
AS2034	AS2034	Epiphytic 16S-rRNA metabaecoding sequences from Halophila stipulacea in a mesocosm experiment. Source site SB, treatment TN, T0, biological replicate 2 original ID AS2034	AMPLICON	GENOMIC	PCR	paired	ILLUMINA	Illumina iSeq 100	Single barcode, two-step PCR, V4 fragment	fastq	AS2034_S33_L001_R1_001.fastq.gz	AS2034_S33_L001_R2_001.fastq.gz
AS2144	AS2144	Epiphytic 16S-rRNA metabaecoding sequences from Halophila stipulacea in a mesocosm experiment. Source site TY, treatment TCN, T8, biological replicate 2 original ID AS2144	AMPLICON	GENOMIC	PCR	paired	ILLUMINA	Illumina iSeq 100	Single barcode, two-step PCR, V4 fragment	fastq	AS2144_S113_L001_R1_001.fastq.gz	AS2144_S113_L001_R2_001.fastq.gz
AS2104	AS2104	Epiphytic 16S-rRNA metabaecoding sequences from Halophila stipulacea in a mesocosm experiment. Source site TY, treatment TCN, T5, biological replicate 1 original ID AS2104	AMPLICON	GENOMIC	PCR	paired	ILLUMINA	Illumina iSeq 100	Single barcode, two-step PCR, V4 fragment	fastq	AS2104_S87_L001_R1_001.fastq.gz	AS2104_S87_L001_R2_001.fastq.gz
AS2028	AS2028	Epiphytic 16S-rRNA metabaecoding sequences from Halophila stipulacea in a mesocosm experiment. Source site TY, treatment TCN, T0, biological replicate 4 original ID AS2028	AMPLICON	GENOMIC	PCR	paired	ILLUMINA	Illumina iSeq 100	Single barcode, two-step PCR, V4 fragment	fastq	AS2028_S30_L001_R1_001.fastq.gz	AS2028_S30_L001_R2_001.fastq.gz
AS2125	AS2125	Epiphytic 16S-rRNA metabaecoding sequences from Halophila stipulacea in a mesocosm experiment. Source site TY, treatment CTCN, T8, biological replicate 4 original ID AS2125	AMPLICON	GENOMIC	PCR	paired	ILLUMINA	Illumina iSeq 100	Single barcode, two-step PCR, V4 fragment	fastq	AS2125_S55_L001_R1_001.fastq.gz	AS2125_S55_L001_R2_001.fastq.gz
AS2038	AS2038	Epiphytic 16S-rRNA metabaecoding sequences from Halophila stipulacea in a mesocosm experiment. Source site SB, treatment TN, T0, biological replicate 3 original ID AS2038	AMPLICON	GENOMIC	PCR	paired	ILLUMINA	Illumina iSeq 100	Single barcode, two-step PCR, V4 fragment	fastq	AS2038_S40_L001_R1_001.fastq.gz	AS2038_S40_L001_R2_001.fastq.gz
AS2068	AS2068	Epiphytic 16S-rRNA metabaecoding sequences from Halophila stipulacea in a mesocosm experiment. Source site TY, treatment TCN, T3, biological replicate 3 original ID AS2068	AMPLICON	GENOMIC	PCR	paired	ILLUMINA	Illumina iSeq 100	Single barcode, two-step PCR, V4 fragment	fastq	AS2068_S66_L001_R1_001.fastq.gz	AS2068_S66_L001_R2_001.fastq.gz
AS2019	AS2019	Epiphytic 16S-rRNA metabaecoding sequences from Halophila stipulacea in a mesocosm experiment. Source site SB, treatment CTN, T0, biological replicate 4 original ID AS2019	AMPLICON	GENOMIC	PCR	paired	ILLUMINA	Illumina iSeq 100	Single barcode, two-step PCR, V4 fragment	fastq	AS2019_S134_L001_R1_001.fastq.gz	AS2019_S134_L001_R2_001.fastq.gz
AS2018	AS2018	Epiphytic 16S-rRNA metabaecoding sequences from Halophila stipulacea in a mesocosm experiment. Source site SB, treatment CTN, T0, biological replicate 5 original ID AS2018	AMPLICON	GENOMIC	PCR	paired	ILLUMINA	Illumina iSeq 100	Single barcode, two-step PCR, V4 fragment	fastq	AS2018_S20_L001_R1_001.fastq.gz	AS2018_S20_L001_R2_001.fastq.gz
AS2051	AS2051	Epiphytic 16S-rRNA metabaecoding sequences from Halophila stipulacea in a mesocosm experiment. Source site SB, treatment CTN, T3, biological replicate 2 original ID AS2051	AMPLICON	GENOMIC	PCR	paired	ILLUMINA	Illumina iSeq 100	Single barcode, two-step PCR, V4 fragment	fastq	AS2051_S87_L001_R1_001.fastq.gz	AS2051_S87_L001_R2_001.fastq.gz
AS2160	AS2160	Epiphytic 16S-rRNA metabaecoding sequences from Halophila stipulacea in a mesocosm experiment. Source site TY, treatment TN, T8, biological replicate 3 original ID AS2160	AMPLICON	GENOMIC	PCR	paired	ILLUMINA	Illumina iSeq 100	Single barcode, two-step PCR, V4 fragment	fastq	AS2160_S164_L001_R1_001.fastq.gz	AS2160_S164_L001_R2_001.fastq.gz
AS2060	AS2060	Epiphytic 16S-rRNA metabaecoding sequences from Halophila stipulacea in a mesocosm experiment. Source site TY, treatment CTN, T3, biological replicate 3 original ID AS2060	AMPLICON	GENOMIC	PCR	paired	ILLUMINA	Illumina iSeq 100	Single barcode, two-step PCR, V4 fragment	fastq	AS2060_S143_L001_R1_001.fastq.gz	AS2060_S143_L001_R2_001.fastq.gz
AS2059	AS2059	Epiphytic 16S-rRNA metabaecoding sequences from Halophila stipulacea in a mesocosm experiment. Source site SB, treatment CTN, T3, biological replicate 3 original ID AS2059	AMPLICON	GENOMIC	PCR	paired	ILLUMINA	Illumina iSeq 100	Single barcode, two-step PCR, V4 fragment	fastq	AS2059_S142_L001_R1_001.fastq.gz	AS2059_S142_L001_R2_001.fastq.gz
AS2042	AS2042	Epiphytic 16S-rRNA metabaecoding sequences from Halophila stipulacea in a mesocosm experiment. Source site SB, treatment CTCN, T3, biological replicate 2 original ID AS2042	AMPLICON	GENOMIC	PCR	paired	ILLUMINA	Illumina iSeq 100	Single barcode, two-step PCR, V4 fragment	fastq	AS2042_S86_L001_R1_001.fastq.gz	AS2042_S86_L001_R2_001.fastq.gz
AS2109	AS2109	Epiphytic 16S-rRNA metabaecoding sequences from Halophila stipulacea in a mesocosm experiment. Source site TY, treatment TCN, T5, biological replicate 2 original ID AS2109	AMPLICON	GENOMIC	PCR	paired	ILLUMINA	Illumina iSeq 100	Single barcode, two-step PCR, V4 fragment	fastq	AS2109_S152_L001_R1_001.fastq.gz	AS2109_S152_L001_R2_001.fastq.gz
AS2046	AS2046	Epiphytic 16S-rRNA metabaecoding sequences from Halophila stipulacea in a mesocosm experiment. Source site SB, treatment CTCN, T3, biological replicate 3 original ID AS2046	AMPLICON	GENOMIC	PCR	paired	ILLUMINA	Illumina iSeq 100	Single barcode, two-step PCR, V4 fragment	fastq	AS2046_S44_L001_R1_001.fastq.gz	AS2046_S44_L001_R2_001.fastq.gz
AS2030	AS2030	Epiphytic 16S-rRNA metabaecoding sequences from Halophila stipulacea in a mesocosm experiment. Source site SB, treatment TCN, T0, biological replicate 4 original ID AS2030	AMPLICON	GENOMIC	PCR	paired	ILLUMINA	Illumina iSeq 100	Single barcode, two-step PCR, V4 fragment	fastq	AS2030_S137_L001_R1_001.fastq.gz	AS2030_S137_L001_R2_001.fastq.gz
AS2008	AS2008	Epiphytic 16S-rRNA metabaecoding sequences from Halophila stipulacea in a mesocosm experiment. Source site TY, treatment CTCN, T0, biological replicate 1 original ID AS2008	AMPLICON	GENOMIC	PCR	paired	ILLUMINA	Illumina iSeq 100	Single barcode, two-step PCR, V4 fragment	fastq	AS2008_S14_L001_R1_001.fastq.gz	AS2008_S14_L001_R2_001.fastq.gz
AS2107	AS2107	Epiphytic 16S-rRNA metabaecoding sequences from Halophila stipulacea in a mesocosm experiment. Source site SB, treatment TCN, T5, biological replicate 3 original ID AS2107	AMPLICON	GENOMIC	PCR	paired	ILLUMINA	Illumina iSeq 100	Single barcode, two-step PCR, V4 fragment	fastq	AS2107_S90_L001_R1_001.fastq.gz	AS2107_S90_L001_R2_001.fastq.gz
AS2077	AS2077	Epiphytic 16S-rRNA metabaecoding sequences from Halophila stipulacea in a mesocosm experiment. Source site TY, treatment TN, T3, biological replicate 3 original ID AS2077	AMPLICON	GENOMIC	PCR	paired	ILLUMINA	Illumina iSeq 100	Single barcode, two-step PCR, V4 fragment	fastq	AS2077_S71_L001_R1_001.fastq.gz	AS2077_S71_L001_R2_001.fastq.gz
AS2065	AS2065	Epiphytic 16S-rRNA metabaecoding sequences from Halophila stipulacea in a mesocosm experiment. Source site TY, treatment TCN, T3, biological replicate 4 original ID AS2065	AMPLICON	GENOMIC	PCR	paired	ILLUMINA	Illumina iSeq 100	Single barcode, two-step PCR, V4 fragment	fastq	AS2065_S63_L001_R1_001.fastq.gz	AS2065_S63_L001_R2_001.fastq.gz
AS2091	AS2091	Epiphytic 16S-rRNA metabaecoding sequences from Halophila stipulacea in a mesocosm experiment. Source site SB, treatment CTN, T5, biological replicate 3 original ID AS2091	AMPLICON	GENOMIC	PCR	paired	ILLUMINA	Illumina iSeq 100	Single barcode, two-step PCR, V4 fragment	fastq	AS2091_S91_L001_R1_001.fastq.gz	AS2091_S91_L001_R2_001.fastq.gz
AS2115	AS2115	Epiphytic 16S-rRNA metabaecoding sequences from Halophila stipulacea in a mesocosm experiment. Source site SB, treatment TN, T5, biological replicate 3 original ID AS2115	AMPLICON	GENOMIC	PCR	paired	ILLUMINA	Illumina iSeq 100	Single barcode, two-step PCR, V4 fragment	fastq	AS2115_S94_L001_R1_001.fastq.gz	AS2115_S94_L001_R2_001.fastq.gz
AS2007	AS2007	Epiphytic 16S-rRNA metabaecoding sequences from Halophila stipulacea in a mesocosm experiment. Source site SB, treatment CTCN, T0, biological replicate 5 original ID AS2007	AMPLICON	GENOMIC	PCR	paired	ILLUMINA	Illumina iSeq 100	Single barcode, two-step PCR, V4 fragment	fastq	AS2007_S13_L001_R1_001.fastq.gz	AS2007_S13_L001_R2_001.fastq.gz
AS2085	AS2085	Epiphytic 16S-rRNA metabaecoding sequences from Halophila stipulacea in a mesocosm experiment. Source site TY, treatment CTCN, T5, biological replicate 4 original ID AS2085	AMPLICON	GENOMIC	PCR	paired	ILLUMINA	Illumina iSeq 100	Single barcode, two-step PCR, V4 fragment	fastq	AS2085_S75_L001_R1_001.fastq.gz	AS2085_S75_L001_R2_001.fastq.gz
AS2012	AS2012	Epiphytic 16S-rRNA metabaecoding sequences from Halophila stipulacea in a mesocosm experiment. Source site TY, treatment CTN, T0, biological replicate 3 original ID AS2012	AMPLICON	GENOMIC	PCR	paired	ILLUMINA	Illumina iSeq 100	Single barcode, two-step PCR, V4 fragment	fastq	AS2012_S84_L001_R1_001.fastq.gz	AS2012_S84_L001_R2_001.fastq.gz
AS2132	AS2132	Epiphytic 16S-rRNA metabaecoding sequences from Halophila stipulacea in a mesocosm experiment. Source site TY, treatment CTN, T8, biological replicate 4 original ID AS2132	AMPLICON	GENOMIC	PCR	paired	ILLUMINA	Illumina iSeq 100	Single barcode, two-step PCR, V4 fragment	fastq	AS2132_S96_L001_R1_001.fastq.gz	AS2132_S96_L001_R2_001.fastq.gz
AS2129	AS2129	Epiphytic 16S-rRNA metabaecoding sequences from Halophila stipulacea in a mesocosm experiment. Source site TY, treatment CTCN, T8, biological replicate 5 original ID AS2129	AMPLICON	GENOMIC	PCR	paired	ILLUMINA	Illumina iSeq 100	Single barcode, two-step PCR, V4 fragment	fastq	AS2129_S156_L001_R1_001.fastq.gz	AS2129_S156_L001_R2_001.fastq.gz
AS2113	AS2113	Epiphytic 16S-rRNA metabaecoding sequences from Halophila stipulacea in a mesocosm experiment. Source site TY, treatment TN, T5, biological replicate 3 original ID AS2113	AMPLICON	GENOMIC	PCR	paired	ILLUMINA	Illumina iSeq 100	Single barcode, two-step PCR, V4 fragment	fastq	AS2113_S92_L001_R1_001.fastq.gz	AS2113_S92_L001_R2_001.fastq.gz
AS2123	AS2123	Epiphytic 16S-rRNA metabaecoding sequences from Halophila stipulacea in a mesocosm experiment. Source site SB, treatment CTCN, T8, biological replicate 4 original ID AS2123	AMPLICON	GENOMIC	PCR	paired	ILLUMINA	Illumina iSeq 100	Single barcode, two-step PCR, V4 fragment	fastq	AS2123_S51_L001_R1_001.fastq.gz	AS2123_S51_L001_R2_001.fastq.gz
AS2096	AS2096	Epiphytic 16S-rRNA metabaecoding sequences from Halophila stipulacea in a mesocosm experiment. Source site TY, treatment CTN, T5, biological replicate 4 original ID AS2096	AMPLICON	GENOMIC	PCR	paired	ILLUMINA	Illumina iSeq 100	Single barcode, two-step PCR, V4 fragment	fastq	AS2096_S82_L001_R1_001.fastq.gz	AS2096_S82_L001_R2_001.fastq.gz
AS2117	AS2117	Epiphytic 16S-rRNA metabaecoding sequences from Halophila stipulacea in a mesocosm experiment. Source site TY, treatment TN, T5, biological replicate 4 original ID AS2117	AMPLICON	GENOMIC	PCR	paired	ILLUMINA	Illumina iSeq 100	Single barcode, two-step PCR, V4 fragment	fastq	AS2117_S96_L001_R1_001.fastq.gz	AS2117_S96_L001_R2_001.fastq.gz
AS2108	AS2108	Epiphytic 16S-rRNA metabaecoding sequences from Halophila stipulacea in a mesocosm experiment. Source site TY, treatment TCN, T5, biological replicate 3 original ID AS2108	AMPLICON	GENOMIC	PCR	paired	ILLUMINA	Illumina iSeq 100	Single barcode, two-step PCR, V4 fragment	fastq	AS2108_S91_L001_R1_001.fastq.gz	AS2108_S91_L001_R2_001.fastq.gz
AS2106	AS2106	Epiphytic 16S-rRNA metabaecoding sequences from Halophila stipulacea in a mesocosm experiment. Source site SB, treatment TCN, T5, biological replicate 4 original ID AS2106	AMPLICON	GENOMIC	PCR	paired	ILLUMINA	Illumina iSeq 100	Single barcode, two-step PCR, V4 fragment	fastq	AS2106_S89_L001_R1_001.fastq.gz	AS2106_S89_L001_R2_001.fastq.gz
AS2118	AS2118	Epiphytic 16S-rRNA metabaecoding sequences from Halophila stipulacea in a mesocosm experiment. Source site SB, treatment TN, T5, biological replicate 4 original ID AS2118	AMPLICON	GENOMIC	PCR	paired	ILLUMINA	Illumina iSeq 100	Single barcode, two-step PCR, V4 fragment	fastq	AS2118_S49_L001_R1_001.fastq.gz	AS2118_S49_L001_R2_001.fastq.gz
AS2049	AS2049	Epiphytic 16S-rRNA metabaecoding sequences from Halophila stipulacea in a mesocosm experiment. Source site TY, treatment CTCN, T3, biological replicate 4 original ID AS2049	AMPLICON	GENOMIC	PCR	paired	ILLUMINA	Illumina iSeq 100	Single barcode, two-step PCR, V4 fragment	fastq	AS2049_S140_L001_R1_001.fastq.gz	AS2049_S140_L001_R2_001.fastq.gz
AS2073	AS2073	Epiphytic 16S-rRNA metabaecoding sequences from Halophila stipulacea in a mesocosm experiment. Source site TY, treatment TN, T3, biological replicate 4 original ID AS2073	AMPLICON	GENOMIC	PCR	paired	ILLUMINA	Illumina iSeq 100	Single barcode, two-step PCR, V4 fragment	fastq	AS2073_S67_L001_R1_001.fastq.gz	AS2073_S67_L001_R2_001.fastq.gz
AS2134	AS2134	Epiphytic 16S-rRNA metabaecoding sequences from Halophila stipulacea in a mesocosm experiment. Source site SB, treatment CTN, T8, biological replicate 5 original ID AS2134	AMPLICON	GENOMIC	PCR	paired	ILLUMINA	Illumina iSeq 100	Single barcode, two-step PCR, V4 fragment	fastq	AS2134_S103_L001_R1_001.fastq.gz	AS2134_S103_L001_R2_001.fastq.gz
AS2043	AS2043	Epiphytic 16S-rRNA metabaecoding sequences from Halophila stipulacea in a mesocosm experiment. Source site SB, treatment CTCN, T3, biological replicate 4 original ID AS2043	AMPLICON	GENOMIC	PCR	paired	ILLUMINA	Illumina iSeq 100	Single barcode, two-step PCR, V4 fragment	fastq	AS2043_S41_L001_R1_001.fastq.gz	AS2043_S41_L001_R2_001.fastq.gz
AS2149	AS2149	Epiphytic 16S-rRNA metabaecoding sequences from Halophila stipulacea in a mesocosm experiment. Source site TY, treatment TCN, T8, biological replicate 3 original ID AS2149	AMPLICON	GENOMIC	PCR	paired	ILLUMINA	Illumina iSeq 100	Single barcode, two-step PCR, V4 fragment	fastq	AS2149_S160_L001_R1_001.fastq.gz	AS2149_S160_L001_R2_001.fastq.gz
AS2005	AS2005	Epiphytic 16S-rRNA metabaecoding sequences from Halophila stipulacea in a mesocosm experiment. Source site TY, treatment CTCN, T0, biological replicate 2 original ID AS2005	AMPLICON	GENOMIC	PCR	paired	ILLUMINA	Illumina iSeq 100	Single barcode, two-step PCR, V4 fragment	fastq	AS2005_S5_L001_R1_001.fastq.gz	AS2005_S5_L001_R2_001.fastq.gz
AS2039	AS2039	Epiphytic 16S-rRNA metabaecoding sequences from Halophila stipulacea in a mesocosm experiment. Source site SB, treatment TN, T0, biological replicate 4 original ID AS2039	AMPLICON	GENOMIC	PCR	paired	ILLUMINA	Illumina iSeq 100	Single barcode, two-step PCR, V4 fragment	fastq	AS2039_S138_L001_R1_001.fastq.gz	AS2039_S138_L001_R2_001.fastq.gz
AS2063	AS2063	Epiphytic 16S-rRNA metabaecoding sequences from Halophila stipulacea in a mesocosm experiment. Source site SB, treatment TCN, T3, biological replicate 3 original ID AS2063	AMPLICON	GENOMIC	PCR	paired	ILLUMINA	Illumina iSeq 100	Single barcode, two-step PCR, V4 fragment	fastq	AS2063_S61_L001_R1_001.fastq.gz	AS2063_S61_L001_R2_001.fastq.gz
AS2040	AS2040	Epiphytic 16S-rRNA metabaecoding sequences from Halophila stipulacea in a mesocosm experiment. Source site TY, treatment TN, T0, biological replicate 3 original ID AS2040	AMPLICON	GENOMIC	PCR	paired	ILLUMINA	Illumina iSeq 100	Single barcode, two-step PCR, V4 fragment	fastq	AS2040_S139_L001_R1_001.fastq.gz	AS2040_S139_L001_R2_001.fastq.gz
AS2044	AS2044	Epiphytic 16S-rRNA metabaecoding sequences from Halophila stipulacea in a mesocosm experiment. Source site TY, treatment CTCN, T3, biological replicate 5 original ID AS2044	AMPLICON	GENOMIC	PCR	paired	ILLUMINA	Illumina iSeq 100	Single barcode, two-step PCR, V4 fragment	fastq	AS2044_S42_L001_R1_001.fastq.gz	AS2044_S42_L001_R2_001.fastq.gz
AS2074	AS2074	Epiphytic 16S-rRNA metabaecoding sequences from Halophila stipulacea in a mesocosm experiment. Source site SB, treatment TN, T3, biological replicate 2 original ID AS2074	AMPLICON	GENOMIC	PCR	paired	ILLUMINA	Illumina iSeq 100	Single barcode, two-step PCR, V4 fragment	fastq	AS2074_S68_L001_R1_001.fastq.gz	AS2074_S68_L001_R2_001.fastq.gz
AS2097	AS2097	Epiphytic 16S-rRNA metabaecoding sequences from Halophila stipulacea in a mesocosm experiment. Source site TY, treatment CTN, T5, biological replicate 5 original ID AS2097	AMPLICON	GENOMIC	PCR	paired	ILLUMINA	Illumina iSeq 100	Single barcode, two-step PCR, V4 fragment	fastq	AS2097_S83_L001_R1_001.fastq.gz	AS2097_S83_L001_R2_001.fastq.gz
AS2056	AS2056	Epiphytic 16S-rRNA metabaecoding sequences from Halophila stipulacea in a mesocosm experiment. Source site TY, treatment CTN, T3, biological replicate 4 original ID AS2056	AMPLICON	GENOMIC	PCR	paired	ILLUMINA	Illumina iSeq 100	Single barcode, two-step PCR, V4 fragment	fastq	AS2056_S58_L001_R1_001.fastq.gz	AS2056_S58_L001_R2_001.fastq.gz
AS2066	AS2066	Epiphytic 16S-rRNA metabaecoding sequences from Halophila stipulacea in a mesocosm experiment. Source site SB, treatment TCN, T3, biological replicate 4 original ID AS2066	AMPLICON	GENOMIC	PCR	paired	ILLUMINA	Illumina iSeq 100	Single barcode, two-step PCR, V4 fragment	fastq	AS2066_S64_L001_R1_001.fastq.gz	AS2066_S64_L001_R2_001.fastq.gz
AS2094	AS2094	Epiphytic 16S-rRNA metabaecoding sequences from Halophila stipulacea in a mesocosm experiment. Source site SB, treatment CTN, T5, biological replicate 4 original ID AS2094	AMPLICON	GENOMIC	PCR	paired	ILLUMINA	Illumina iSeq 100	Single barcode, two-step PCR, V4 fragment	fastq	AS2094_S80_L001_R1_001.fastq.gz	AS2094_S80_L001_R2_001.fastq.gz
AS2047	AS2047	Epiphytic 16S-rRNA metabaecoding sequences from Halophila stipulacea in a mesocosm experiment. Source site SB, treatment CTCN, T3, biological replicate 5 original ID AS2047	AMPLICON	GENOMIC	PCR	paired	ILLUMINA	Illumina iSeq 100	Single barcode, two-step PCR, V4 fragment	fastq	AS2047_S45_L001_R1_001.fastq.gz	AS2047_S45_L001_R2_001.fastq.gz
AS2001	AS2001	Epiphytic 16S-rRNA metabaecoding sequences from Halophila stipulacea in a mesocosm experiment. Source site TY, treatment CTCN, T0, biological replicate 3 original ID AS2001	AMPLICON	GENOMIC	PCR	paired	ILLUMINA	Illumina iSeq 100	Single barcode, two-step PCR, V4 fragment	fastq	AS2001_S81_L001_R1_001.fastq.gz	AS2001_S81_L001_R2_001.fastq.gz
AS2078	AS2078	Epiphytic 16S-rRNA metabaecoding sequences from Halophila stipulacea in a mesocosm experiment. Source site SB, treatment TN, T3, biological replicate 3 original ID AS2078	AMPLICON	GENOMIC	PCR	paired	ILLUMINA	Illumina iSeq 100	Single barcode, two-step PCR, V4 fragment	fastq	AS2078_S72_L001_R1_001.fastq.gz	AS2078_S72_L001_R2_001.fastq.gz
AS2099	AS2099	Epiphytic 16S-rRNA metabaecoding sequences from Halophila stipulacea in a mesocosm experiment. Source site SB, treatment CTN, T5, biological replicate 5 original ID AS2099	AMPLICON	GENOMIC	PCR	paired	ILLUMINA	Illumina iSeq 100	Single barcode, two-step PCR, V4 fragment	fastq	AS2099_S150_L001_R1_001.fastq.gz	AS2099_S150_L001_R2_001.fastq.gz
AS2122	AS2122	Epiphytic 16S-rRNA metabaecoding sequences from Halophila stipulacea in a mesocosm experiment. Source site SB, treatment CTCN, T8, biological replicate 5 original ID AS2122	AMPLICON	GENOMIC	PCR	paired	ILLUMINA	Illumina iSeq 100	Single barcode, two-step PCR, V4 fragment	fastq	AS2122_S94_L001_R1_001.fastq.gz	AS2122_S94_L001_R2_001.fastq.gz
AS2009	AS2009	Epiphytic 16S-rRNA metabaecoding sequences from Halophila stipulacea in a mesocosm experiment. Source site TY, treatment CTCN, T0, biological replicate 4 original ID AS2009	AMPLICON	GENOMIC	PCR	paired	ILLUMINA	Illumina iSeq 100	Single barcode, two-step PCR, V4 fragment	fastq	AS2009_S131_L001_R1_001.fastq.gz	AS2009_S131_L001_R2_001.fastq.gz
AS2150	AS2150	Epiphytic 16S-rRNA metabaecoding sequences from Halophila stipulacea in a mesocosm experiment. Source site SB, treatment TCN, T8, biological replicate 3 original ID AS2150	AMPLICON	GENOMIC	PCR	paired	ILLUMINA	Illumina iSeq 100	Single barcode, two-step PCR, V4 fragment	fastq	AS2150_S161_L001_R1_001.fastq.gz	AS2150_S161_L001_R2_001.fastq.gz
AS2020	AS2020	Epiphytic 16S-rRNA metabaecoding sequences from Halophila stipulacea in a mesocosm experiment. Source site TY, treatment CTN, T0, biological replicate 4 original ID AS2020	AMPLICON	GENOMIC	PCR	paired	ILLUMINA	Illumina iSeq 100	Single barcode, two-step PCR, V4 fragment	fastq	AS2020_S135_L001_R1_001.fastq.gz	AS2020_S135_L001_R2_001.fastq.gz
AS2153	AS2153	Epiphytic 16S-rRNA metabaecoding sequences from Halophila stipulacea in a mesocosm experiment. Source site TY, treatment TN, T8, biological replicate 4 original ID AS2153	AMPLICON	GENOMIC	PCR	paired	ILLUMINA	Illumina iSeq 100	Single barcode, two-step PCR, V4 fragment	fastq	AS2153_S121_L001_R1_001.fastq.gz	AS2153_S121_L001_R2_001.fastq.gz
AS2105	AS2105	Epiphytic 16S-rRNA metabaecoding sequences from Halophila stipulacea in a mesocosm experiment. Source site TY, treatment TCN, T5, biological replicate 4 original ID AS2105	AMPLICON	GENOMIC	PCR	paired	ILLUMINA	Illumina iSeq 100	Single barcode, two-step PCR, V4 fragment	fastq	AS2105_S88_L001_R1_001.fastq.gz	AS2105_S88_L001_R2_001.fastq.gz
AS2133	AS2133	Epiphytic 16S-rRNA metabaecoding sequences from Halophila stipulacea in a mesocosm experiment. Source site TY, treatment CTN, T8, biological replicate 5 original ID AS2133	AMPLICON	GENOMIC	PCR	paired	ILLUMINA	Illumina iSeq 100	Single barcode, two-step PCR, V4 fragment	fastq	AS2133_S101_L001_R1_001.fastq.gz	AS2133_S101_L001_R2_001.fastq.gz
AS2147	AS2147	Epiphytic 16S-rRNA metabaecoding sequences from Halophila stipulacea in a mesocosm experiment. Source site SB, treatment TCN, T8, biological replicate 4 original ID AS2147	AMPLICON	GENOMIC	PCR	paired	ILLUMINA	Illumina iSeq 100	Single barcode, two-step PCR, V4 fragment	fastq	AS2147_S119_L001_R1_001.fastq.gz	AS2147_S119_L001_R2_001.fastq.gz
AS2037	AS2037	Epiphytic 16S-rRNA metabaecoding sequences from Halophila stipulacea in a mesocosm experiment. Source site TY, treatment TN, T0, biological replicate 4 original ID AS2037	AMPLICON	GENOMIC	PCR	paired	ILLUMINA	Illumina iSeq 100	Single barcode, two-step PCR, V4 fragment	fastq	AS2037_S39_L001_R1_001.fastq.gz	AS2037_S39_L001_R2_001.fastq.gz
AS2148	AS2148	Epiphytic 16S-rRNA metabaecoding sequences from Halophila stipulacea in a mesocosm experiment. Source site TY, treatment TCN, T8, biological replicate 4 original ID AS2148	AMPLICON	GENOMIC	PCR	paired	ILLUMINA	Illumina iSeq 100	Single barcode, two-step PCR, V4 fragment	fastq	AS2148_S120_L001_R1_001.fastq.gz	AS2148_S120_L001_R2_001.fastq.gz
AS2058	AS2058	Epiphytic 16S-rRNA metabaecoding sequences from Halophila stipulacea in a mesocosm experiment. Source site SB, treatment CTN, T3, biological replicate 4 original ID AS2058	AMPLICON	GENOMIC	PCR	paired	ILLUMINA	Illumina iSeq 100	Single barcode, two-step PCR, V4 fragment	fastq	AS2058_S60_L001_R1_001.fastq.gz	AS2058_S60_L001_R2_001.fastq.gz
AS2159	AS2159	Epiphytic 16S-rRNA metabaecoding sequences from Halophila stipulacea in a mesocosm experiment. Source site SB, treatment TN, T8, biological replicate 4 original ID AS2159	AMPLICON	GENOMIC	PCR	paired	ILLUMINA	Illumina iSeq 100	Single barcode, two-step PCR, V4 fragment	fastq	AS2159_S163_L001_R1_001.fastq.gz	AS2159_S163_L001_R2_001.fastq.gz
AS2017	AS2017	Epiphytic 16S-rRNA metabaecoding sequences from Halophila stipulacea in a mesocosm experiment. Source site TY, treatment CTN, T0, biological replicate 5 original ID AS2017	AMPLICON	GENOMIC	PCR	paired	ILLUMINA	Illumina iSeq 100	Single barcode, two-step PCR, V4 fragment	fastq	AS2017_S19_L001_R1_001.fastq.gz	AS2017_S19_L001_R2_001.fastq.gz
AS2052	AS2052	Epiphytic 16S-rRNA metabaecoding sequences from Halophila stipulacea in a mesocosm experiment. Source site TY, treatment CTN, T3, biological replicate 5 original ID AS2052	AMPLICON	GENOMIC	PCR	paired	ILLUMINA	Illumina iSeq 100	Single barcode, two-step PCR, V4 fragment	fastq	AS2052_S88_L001_R1_001.fastq.gz	AS2052_S88_L001_R2_001.fastq.gz
AS2075	AS2075	Epiphytic 16S-rRNA metabaecoding sequences from Halophila stipulacea in a mesocosm experiment. Source site SB, treatment TN, T3, biological replicate 4 original ID AS2075	AMPLICON	GENOMIC	PCR	paired	ILLUMINA	Illumina iSeq 100	Single barcode, two-step PCR, V4 fragment	fastq	AS2075_S69_L001_R1_001.fastq.gz	AS2075_S69_L001_R2_001.fastq.gz
